assessSchool:,Amwanga high 
assessTeacher:,Jack 
assessSubject:,Economics 
assessClass:,S.6
assessDuration:,2:30
assessMarks:,100
assessTopic:,National income, money and banking 

"NO.","QUESTION","MARKS"
"1","Define the key terms associated with National income, money and banking.","5"
"2","Explain the main ideas or processes involved in National income, money and banking.","10"
"3","With the aid of a diagram or example, illustrate National income, money and banking.","10"
"4","Discuss the importance or real-life application of National income, money and banking.","10"
"5","Solve/answer a structured problem related to National income, money and banking.","15"